title,img_src,link,author,publisher,price
호프가 여기에 있었다(양장본 HardCover),https://bookthumb-phinf.pstatic.net/cover/163/474/16347442.jpg?type=m1&udate=Sun May 10 14:13:33 KST 2020,http://book.naver.com/bookdb/book_detail.nhn?bid=16347442, 조앤 바우어,도토리숲,"12,420원"
눈 밖에 난 자들,https://bookthumb-phinf.pstatic.net/cover/163/474/16347423.jpg?type=m1&udate=Sun May 10 14:13:33 KST 2020,http://book.naver.com/bookdb/book_detail.nhn?bid=16347423, 성은영,아마존의나비,"12,600원"
걸 클래식 컬렉션 2 세트,https://bookthumb-phinf.pstatic.net/cover/163/475/16347598.jpg?type=m1&udate=Sun May 10 14:13:33 KST 2020,http://book.naver.com/bookdb/book_detail.nhn?bid=16347598, 진 웹스터,윌북(willbook),"45,360원"
메리 포핀스(걸 클래식 컬렉션 2),https://bookthumb-phinf.pstatic.net/cover/163/492/16349254.jpg?type=m1&udate=Sun May 10 14:13:33 KST 2020,http://book.naver.com/bookdb/book_detail.nhn?bid=16349254, 패멀라 린던 트래버스,윌북,"10,620원"
키다리 아저씨(걸 클래식 컬렉션 2),https://bookthumb-phinf.pstatic.net/cover/163/492/16349255.jpg?type=m1&udate=Sun May 10 14:13:33 KST 2020,http://book.naver.com/bookdb/book_detail.nhn?bid=16349255, 진 웹스터,윌북,"11,520원"
환담·관화담,https://bookthumb-phinf.pstatic.net/cover/163/492/16349276.jpg?type=m1&udate=Sun May 10 14:13:33 KST 2020,http://book.naver.com/bookdb/book_detail.nhn?bid=16349276, 고다 로한,연암서가,"10,800원"
무지개(상)(양장본 HardCover),https://bookthumb-phinf.pstatic.net/cover/163/412/16341244.jpg?type=m1&udate=Sun May 10 14:13:33 KST 2020,http://book.naver.com/bookdb/book_detail.nhn?bid=16341244, 김한창,바밀리온,"17,100원"
비밀의 화원(걸 클래식 컬렉션 2),https://bookthumb-phinf.pstatic.net/cover/163/493/16349306.jpg?type=m1&udate=Sun May 10 14:13:33 KST 2020,http://book.naver.com/bookdb/book_detail.nhn?bid=16349306, 프랜시스 호지슨 버넷,윌북,"13,320원"
무지개(하)(양장본 HardCover),https://bookthumb-phinf.pstatic.net/cover/163/412/16341245.jpg?type=m1&udate=Sun May 10 14:13:33 KST 2020,http://book.naver.com/bookdb/book_detail.nhn?bid=16341245, 김한창,바밀리온,"17,100원"
이상한 나라의 앨리스(걸 클래식 컬렉션 2),https://bookthumb-phinf.pstatic.net/cover/163/493/16349307.jpg?type=m1&udate=Sun May 10 14:13:33 KST 2020,http://book.naver.com/bookdb/book_detail.nhn?bid=16349307, 루이스 캐럴,윌북,"9,900원"
장녀,https://bookthumb-phinf.pstatic.net/cover/163/457/16345768.jpg?type=m1&udate=Sun May 10 14:13:33 KST 2020,http://book.naver.com/bookdb/book_detail.nhn?bid=16345768, 황의건,예미,"12,600원"
스텔라 오디세이 트릴로지 세트(Stella Odyssey Trilogy)(전3권),https://bookthumb-phinf.pstatic.net/cover/163/483/16348370.jpg?type=m1&udate=Sun May 10 14:13:33 KST 2020,http://book.naver.com/bookdb/book_detail.nhn?bid=16348370, 김보영,새파란상상,"27,000원"
당신을 기다리고 있어(Stella Odyssey Trilogy 1),https://bookthumb-phinf.pstatic.net/cover/163/483/16348366.jpg?type=m1&udate=Sun May 10 14:13:33 KST 2020,http://book.naver.com/bookdb/book_detail.nhn?bid=16348366, 김보영,새파란상상,없음
당신에게 가고 있어(Stella Odyssey Trilogy 2),https://bookthumb-phinf.pstatic.net/cover/163/483/16348367.jpg?type=m1&udate=Sun May 10 14:13:33 KST 2020,http://book.naver.com/bookdb/book_detail.nhn?bid=16348367, 김보영,새파란상상,없음
숙적과의 동침,https://bookthumb-phinf.pstatic.net/cover/163/488/16348862.jpg?type=m1&udate=Sun May 10 14:13:33 KST 2020,http://book.naver.com/bookdb/book_detail.nhn?bid=16348862, 고지영,가하,"12,420원"
미래로 가는 아이들(Stella Odyssey Trilogy 3),https://bookthumb-phinf.pstatic.net/cover/163/483/16348369.jpg?type=m1&udate=Sun May 10 14:13:33 KST 2020,http://book.naver.com/bookdb/book_detail.nhn?bid=16348369, 김보영,새파란상상,없음
명진이의 수학여행(함께교육 5),https://bookthumb-phinf.pstatic.net/cover/163/449/16344998.jpg?type=m1&udate=Sun May 10 14:13:33 KST 2020,http://book.naver.com/bookdb/book_detail.nhn?bid=16344998, 권재원,서유재,"13,500원"
비수(계간문예작가선 104),https://bookthumb-phinf.pstatic.net/cover/163/475/16347512.jpg?type=m1&udate=Sun May 10 14:13:33 KST 2020,http://book.naver.com/bookdb/book_detail.nhn?bid=16347512, 조경진,계간문예,"13,500원"
키다리 아저씨,https://bookthumb-phinf.pstatic.net/cover/163/445/16344542.jpg?type=m1&udate=Sun May 10 14:13:33 KST 2020,http://book.naver.com/bookdb/book_detail.nhn?bid=16344542, 진 웹스터,책에반하다,"10,800원"
이스탄불 이스탄불,https://bookthumb-phinf.pstatic.net/cover/163/491/16349190.jpg?type=m1&udate=Sun May 10 14:13:33 KST 2020,http://book.naver.com/bookdb/book_detail.nhn?bid=16349190, 부르한 쇤메즈,황소자리,"13,050원"
삼국지 1,https://bookthumb-phinf.pstatic.net/cover/163/303/16330394.jpg?type=m1&udate=Sun May 10 14:13:33 KST 2020,http://book.naver.com/bookdb/book_detail.nhn?bid=16330394, 나관중,책에반하다,"10,800원"
피터팬,https://bookthumb-phinf.pstatic.net/cover/163/446/16344620.jpg?type=m1&udate=Sun May 10 14:13:33 KST 2020,http://book.naver.com/bookdb/book_detail.nhn?bid=16344620, 제임스 매튜 배리,책에반하다,"14,850원"
내가 축구를 못하는 건 환경 탓이야 7,https://bookthumb-phinf.pstatic.net/cover/163/496/16349618.jpg?type=m1&udate=Sun May 10 14:13:33 KST 2020,http://book.naver.com/bookdb/book_detail.nhn?bid=16349618, 김태왕,어울림출판사,"7,200원"
삼국지 2,https://bookthumb-phinf.pstatic.net/cover/163/303/16330395.jpg?type=m1&udate=Sun May 10 14:13:33 KST 2020,http://book.naver.com/bookdb/book_detail.nhn?bid=16330395, 나관중,책에반하다,"10,800원"
못생겨도 천하제일 6,https://bookthumb-phinf.pstatic.net/cover/163/496/16349623.jpg?type=m1&udate=Sun May 10 14:13:33 KST 2020,http://book.naver.com/bookdb/book_detail.nhn?bid=16349623, 장은성,어울림출판사,"7,200원"
서유기 1,https://bookthumb-phinf.pstatic.net/cover/163/306/16330642.jpg?type=m1&udate=Sun May 10 14:13:33 KST 2020,http://book.naver.com/bookdb/book_detail.nhn?bid=16330642, 오승은,책에반하다,"10,800원"
서유기 2,https://bookthumb-phinf.pstatic.net/cover/163/306/16330646.jpg?type=m1&udate=Sun May 10 14:13:33 KST 2020,http://book.naver.com/bookdb/book_detail.nhn?bid=16330646, 오승은,책에반하다,"10,800원"
어린왕자,https://bookthumb-phinf.pstatic.net/cover/163/445/16344544.jpg?type=m1&udate=Sun May 10 14:13:33 KST 2020,http://book.naver.com/bookdb/book_detail.nhn?bid=16344544, 앙투안 드 생텍쥐페리,책에반하다,"9,000원"
지니어스 게임,https://bookthumb-phinf.pstatic.net/cover/163/274/16327422.jpg?type=m1&udate=Sun May 10 14:13:33 KST 2020,http://book.naver.com/bookdb/book_detail.nhn?bid=16327422, 레오폴도 가우트,"미래인(미래M&B,미래엠앤비)","12,600원"
게임으로 성군이 되자 9,https://bookthumb-phinf.pstatic.net/cover/163/496/16349611.jpg?type=m1&udate=Sun May 10 14:13:33 KST 2020,http://book.naver.com/bookdb/book_detail.nhn?bid=16349611, 다물,어울림출판사,"7,200원"
컴백 무황 10,https://bookthumb-phinf.pstatic.net/cover/163/496/16349627.jpg?type=m1&udate=Sun May 10 14:13:33 KST 2020,http://book.naver.com/bookdb/book_detail.nhn?bid=16349627, 길튼,어울림출판사,"7,200원"
폭군의 아이를 가졌습니다. 1,https://bookthumb-phinf.pstatic.net/cover/163/422/16342261.jpg?type=m1&udate=Sun May 10 14:13:33 KST 2020,http://book.naver.com/bookdb/book_detail.nhn?bid=16342261, 류란,페리윙클,"10,620원"
폭군의 아이를 가졌습니다. 2,https://bookthumb-phinf.pstatic.net/cover/163/422/16342264.jpg?type=m1&udate=Sun May 10 14:13:33 KST 2020,http://book.naver.com/bookdb/book_detail.nhn?bid=16342264, 류란,페리윙클,"10,620원"
폭군의 아이를 가졌습니다. 3,https://bookthumb-phinf.pstatic.net/cover/163/422/16342265.jpg?type=m1&udate=Sun May 10 14:13:33 KST 2020,http://book.naver.com/bookdb/book_detail.nhn?bid=16342265, 류란,페리윙클,"10,620원"
다시 태어나도 그 놈은 피해라 7,https://bookthumb-phinf.pstatic.net/cover/163/496/16349621.jpg?type=m1&udate=Sun May 10 14:13:33 KST 2020,http://book.naver.com/bookdb/book_detail.nhn?bid=16349621, 두경,어울림출판사,"7,200원"
영주학개론 10,https://bookthumb-phinf.pstatic.net/cover/163/496/16349625.jpg?type=m1&udate=Sun May 10 14:13:33 KST 2020,http://book.naver.com/bookdb/book_detail.nhn?bid=16349625, 수호,어울림출판사,"7,200원"
폭군의 아이를 가졌습니다(세트)(전3권),https://bookthumb-phinf.pstatic.net/cover/163/422/16342250.jpg?type=m1&udate=Sun May 10 14:13:33 KST 2020,http://book.naver.com/bookdb/book_detail.nhn?bid=16342250, 류란,페리윙클,"31,860원"
일식이가 간다 35,https://bookthumb-phinf.pstatic.net/cover/163/483/16348314.jpg?type=m1&udate=Sun May 10 14:13:33 KST 2020,http://book.naver.com/bookdb/book_detail.nhn?bid=16348314, 이후,스카이북,"7,200원"
공주님은 공무 중,https://bookthumb-phinf.pstatic.net/cover/163/454/16345417.jpg?type=m1&udate=Sun May 10 14:13:33 KST 2020,http://book.naver.com/bookdb/book_detail.nhn?bid=16345417, 피파 로스코,신영미디어,"4,680원"
나쁜 남자의 비즈니스,https://bookthumb-phinf.pstatic.net/cover/163/454/16345418.jpg?type=m1&udate=Sun May 10 14:13:33 KST 2020,http://book.naver.com/bookdb/book_detail.nhn?bid=16345418, 야라 세인트 존,신영미디어,"4,680원"
더블 로열 스캔들,https://bookthumb-phinf.pstatic.net/cover/163/454/16345419.jpg?type=m1&udate=Sun May 10 14:13:33 KST 2020,http://book.naver.com/bookdb/book_detail.nhn?bid=16345419, 린 그레이엄,신영미디어,"4,680원"
흑기사를 조심하세요,https://ssl.pstatic.net/static/book/image/juvenile_pest_82X116.gif&udate=Sun May 10 14:13:33 KST 2020,http://book.naver.com/bookdb/book_detail.nhn?bid=16345420, 레슬리 켈리,신영미디어,"4,680원"
중독자의 죽음,https://bookthumb-phinf.pstatic.net/cover/163/489/16348995.jpg?type=m1&udate=Sun May 10 14:13:33 KST 2020,http://book.naver.com/bookdb/book_detail.nhn?bid=16348995, M.C. 비턴,현대문학,"8,820원"
반복되는 타임리프 끝에 네 눈동자에 비치는 사람은,https://bookthumb-phinf.pstatic.net/cover/163/492/16349212.jpg?type=m1&udate=Sun May 10 14:13:33 KST 2020,http://book.naver.com/bookdb/book_detail.nhn?bid=16349212, 아오바 유이치,제우미디어,"11,520원"
행잉 가든(버티고 시리즈),https://bookthumb-phinf.pstatic.net/cover/163/500/16350086.jpg?type=m1&udate=Sun May 10 14:13:33 KST 2020,http://book.naver.com/bookdb/book_detail.nhn?bid=16350086, 이언 랜킨,오픈하우스,없음
소설 소태산,https://bookthumb-phinf.pstatic.net/cover/163/483/16348364.jpg?type=m1&udate=Sun May 10 14:13:33 KST 2020,http://book.naver.com/bookdb/book_detail.nhn?bid=16348364, 이혜화,북바이북,"19,800원"
깨어나지 말 걸 그랬어(케이 스릴러),https://bookthumb-phinf.pstatic.net/cover/163/385/16338584.jpg?type=m1&udate=Sun May 10 14:13:33 KST 2020,http://book.naver.com/bookdb/book_detail.nhn?bid=16338584, 김하림,고즈넉이엔티,"12,150원"
마귀(케이 스릴러),https://bookthumb-phinf.pstatic.net/cover/163/385/16338587.jpg?type=m1&udate=Sun May 10 14:13:33 KST 2020,http://book.naver.com/bookdb/book_detail.nhn?bid=16338587, 전건우,고즈넉이엔티,"12,150원"
말괄량이 사이코패스(케이 스릴러),https://bookthumb-phinf.pstatic.net/cover/163/385/16338590.jpg?type=m1&udate=Sun May 10 14:13:33 KST 2020,http://book.naver.com/bookdb/book_detail.nhn?bid=16338590, 기윤슬,고즈넉이엔티,"11,250원"
비행엄마(케이 스릴러),https://bookthumb-phinf.pstatic.net/cover/163/385/16338596.jpg?type=m1&udate=Sun May 10 14:13:33 KST 2020,http://book.naver.com/bookdb/book_detail.nhn?bid=16338596, 이지은,고즈넉이엔티,"11,250원"
사라진 나라의 아이들(케이 스릴러),https://bookthumb-phinf.pstatic.net/cover/163/386/16338604.jpg?type=m1&udate=Sun May 10 14:13:33 KST 2020,http://book.naver.com/bookdb/book_detail.nhn?bid=16338604, 이성진,고즈넉이엔티,"12,150원"
이레(케이 스릴러),https://bookthumb-phinf.pstatic.net/cover/163/386/16338607.jpg?type=m1&udate=Sun May 10 14:13:33 KST 2020,http://book.naver.com/bookdb/book_detail.nhn?bid=16338607, 김달리,고즈넉이엔티,"12,150원"
행복배틀(케이 스릴러),https://bookthumb-phinf.pstatic.net/cover/163/386/16338610.jpg?type=m1&udate=Sun May 10 14:13:33 KST 2020,http://book.naver.com/bookdb/book_detail.nhn?bid=16338610, 주영하,고즈넉이엔티,"12,150원"
나의 할머니에게,https://bookthumb-phinf.pstatic.net/cover/163/474/16347469.jpg?type=m1&udate=Sun May 10 14:13:33 KST 2020,http://book.naver.com/bookdb/book_detail.nhn?bid=16347469, 윤성희,다산책방,"13,320원"
실비/오렐리아,https://bookthumb-phinf.pstatic.net/cover/163/492/16349281.jpg?type=m1&udate=Sun May 10 14:13:33 KST 2020,http://book.naver.com/bookdb/book_detail.nhn?bid=16349281, 제라르 드 네르발,문학과지성사,"9,000원"
다행인지 불행인지 1,https://bookthumb-phinf.pstatic.net/cover/163/388/16338820.jpg?type=m1&udate=Sun May 10 14:13:33 KST 2020,http://book.naver.com/bookdb/book_detail.nhn?bid=16338820, 노희다,연담,"11,700원"
꽃잎처럼,https://bookthumb-phinf.pstatic.net/cover/163/487/16348795.jpg?type=m1&udate=Sun May 10 14:13:34 KST 2020,http://book.naver.com/bookdb/book_detail.nhn?bid=16348795, 정도상,다산책방,"12,600원"
다행인지 불행인지 2,https://bookthumb-phinf.pstatic.net/cover/163/388/16338821.jpg?type=m1&udate=Sun May 10 14:13:34 KST 2020,http://book.naver.com/bookdb/book_detail.nhn?bid=16338821, 노희다,연담,"11,700원"
버지니아 울프 단편소설 전집(버지니아 울프 전집 10),https://bookthumb-phinf.pstatic.net/cover/163/419/16341940.jpg?type=m1&udate=Sun May 10 14:13:34 KST 2020,http://book.naver.com/bookdb/book_detail.nhn?bid=16341940, 버지니아 울프,솔,"17,100원"
잭 the 뱀파이어,https://bookthumb-phinf.pstatic.net/cover/163/491/16349145.jpg?type=m1&udate=Sun May 10 14:13:34 KST 2020,http://book.naver.com/bookdb/book_detail.nhn?bid=16349145, 박지선,들녘,"12,600원"
삼국지 2,https://bookthumb-phinf.pstatic.net/cover/163/450/16345005.jpg?type=m1&udate=Sun May 10 14:13:34 KST 2020,http://book.naver.com/bookdb/book_detail.nhn?bid=16345005, 나관중,우리책,"14,400원"
다행인지 불행인지 3,https://bookthumb-phinf.pstatic.net/cover/163/388/16338825.jpg?type=m1&udate=Sun May 10 14:13:34 KST 2020,http://book.naver.com/bookdb/book_detail.nhn?bid=16338825, 노희다,연담,"11,700원"
다행인지 불행인지 4/완결,https://bookthumb-phinf.pstatic.net/cover/163/388/16338826.jpg?type=m1&udate=Sun May 10 14:13:34 KST 2020,http://book.naver.com/bookdb/book_detail.nhn?bid=16338826, 노희다,연담,"11,700원"
첫사랑,https://bookthumb-phinf.pstatic.net/cover/163/492/16349268.jpg?type=m1&udate=Sun May 10 14:13:34 KST 2020,http://book.naver.com/bookdb/book_detail.nhn?bid=16349268, 사뮈엘 베케트,문학과지성사,"8,100원"
다행인지 불행인지 1~4 - 전4권,https://bookthumb-phinf.pstatic.net/cover/163/388/16338828.jpg?type=m1&udate=Sun May 10 14:13:34 KST 2020,http://book.naver.com/bookdb/book_detail.nhn?bid=16338828, 노희다,연담,"46,800원"
모자,https://bookthumb-phinf.pstatic.net/cover/163/492/16349271.jpg?type=m1&udate=Sun May 10 14:13:34 KST 2020,http://book.naver.com/bookdb/book_detail.nhn?bid=16349271, 토마스 베른하르트,문학과지성사,"9,000원"
꿈의 노벨레,https://bookthumb-phinf.pstatic.net/cover/163/492/16349272.jpg?type=m1&udate=Sun May 10 14:13:34 KST 2020,http://book.naver.com/bookdb/book_detail.nhn?bid=16349272, 아르투어 슈니츨러,문학과지성사,"8,100원"
모래 사나이,https://bookthumb-phinf.pstatic.net/cover/163/492/16349275.jpg?type=m1&udate=Sun May 10 14:13:34 KST 2020,http://book.naver.com/bookdb/book_detail.nhn?bid=16349275, E.T.A. 호프만,문학과지성사,"9,000원"
삼국지 1,https://bookthumb-phinf.pstatic.net/cover/163/450/16345002.jpg?type=m1&udate=Sun May 10 14:13:34 KST 2020,http://book.naver.com/bookdb/book_detail.nhn?bid=16345002, 나관중,우리책,"16,200원"
게을러서 차원최강. 6,https://bookthumb-phinf.pstatic.net/cover/163/491/16349157.jpg?type=m1&udate=Sun May 10 14:13:34 KST 2020,http://book.naver.com/bookdb/book_detail.nhn?bid=16349157, 고랭지,영상출판미디어(영상노트),"7,200원"
아! 남궁세가. 3,https://bookthumb-phinf.pstatic.net/cover/163/491/16349156.jpg?type=m1&udate=Sun May 10 14:13:34 KST 2020,http://book.naver.com/bookdb/book_detail.nhn?bid=16349156, 풍백,영상출판미디어(영상노트),"7,200원"
레이첼의 죽음으로부터,https://bookthumb-phinf.pstatic.net/cover/163/392/16339264.jpg?type=m1&udate=Sun May 10 14:13:34 KST 2020,http://book.naver.com/bookdb/book_detail.nhn?bid=16339264, 플린 베리,작가정신,"12,600원"
푸른 고양이(푸른사상 소설선 27),https://bookthumb-phinf.pstatic.net/cover/163/486/16348602.jpg?type=m1&udate=Sun May 10 14:13:34 KST 2020,http://book.naver.com/bookdb/book_detail.nhn?bid=16348602, 송지은,푸른사상,"13,500원"
천산갑,https://bookthumb-phinf.pstatic.net/cover/163/490/16349034.jpg?type=m1&udate=Sun May 10 14:13:34 KST 2020,http://book.naver.com/bookdb/book_detail.nhn?bid=16349034, 정문,바른북스,"11,700원"
전쟁과 사랑,https://bookthumb-phinf.pstatic.net/cover/163/499/16349954.jpg?type=m1&udate=Sun May 10 14:13:34 KST 2020,http://book.naver.com/bookdb/book_detail.nhn?bid=16349954, 엔도 슈사쿠,바오로딸,"18,900원"
할 말이 있어,https://bookthumb-phinf.pstatic.net/cover/163/484/16348409.jpg?type=m1&udate=Sun May 10 14:13:34 KST 2020,http://book.naver.com/bookdb/book_detail.nhn?bid=16348409, 김민주,부크크(Bookk),1
아닌 척 했지만,https://bookthumb-phinf.pstatic.net/cover/163/483/16348343.jpg?type=m1&udate=Sun May 10 14:13:34 KST 2020,http://book.naver.com/bookdb/book_detail.nhn?bid=16348343, 김보영,부크크(Bookk),1
한 번쯤은 이야기해보고 싶었어,https://bookthumb-phinf.pstatic.net/cover/163/483/16348345.jpg?type=m1&udate=Sun May 10 14:13:34 KST 2020,http://book.naver.com/bookdb/book_detail.nhn?bid=16348345, 곽은용,부크크(Bookk),1
가장 보통의 글,https://bookthumb-phinf.pstatic.net/cover/163/483/16348347.jpg?type=m1&udate=Sun May 10 14:13:34 KST 2020,http://book.naver.com/bookdb/book_detail.nhn?bid=16348347, 김지윤,부크크(Bookk),1
두 번 사는 랭커 18,https://bookthumb-phinf.pstatic.net/cover/163/490/16349003.jpg?type=m1&udate=Sun May 10 14:13:34 KST 2020,http://book.naver.com/bookdb/book_detail.nhn?bid=16349003, 사도연,드림북스,"7,200원"
계단 끝에 다락방,https://bookthumb-phinf.pstatic.net/cover/163/483/16348351.jpg?type=m1&udate=Sun May 10 14:13:34 KST 2020,http://book.naver.com/bookdb/book_detail.nhn?bid=16348351, 김계현,부크크(Bookk),1
두 번 사는 랭커 19,https://bookthumb-phinf.pstatic.net/cover/163/490/16349007.jpg?type=m1&udate=Sun May 10 14:13:34 KST 2020,http://book.naver.com/bookdb/book_detail.nhn?bid=16349007, 사도연,드림북스,"7,200원"
"같은 시간, 다른 장소",https://bookthumb-phinf.pstatic.net/cover/163/483/16348352.jpg?type=m1&udate=Sun May 10 14:13:34 KST 2020,http://book.naver.com/bookdb/book_detail.nhn?bid=16348352, 김민경,부크크(Bookk),1
15만번의 챌린저 13,https://bookthumb-phinf.pstatic.net/cover/163/490/16349061.jpg?type=m1&udate=Sun May 10 14:13:34 KST 2020,http://book.naver.com/bookdb/book_detail.nhn?bid=16349061, 예정후,로크미디어,"7,200원"
케미컬 연애학,https://bookthumb-phinf.pstatic.net/cover/163/483/16348361.jpg?type=m1&udate=Sun May 10 14:13:34 KST 2020,http://book.naver.com/bookdb/book_detail.nhn?bid=16348361, 소상난소월,부크크(Bookk),
회귀자의 그랜드슬램 16,https://bookthumb-phinf.pstatic.net/cover/163/490/16349063.jpg?type=m1&udate=Sun May 10 14:13:34 KST 2020,http://book.naver.com/bookdb/book_detail.nhn?bid=16349063, mensol,로크미디어,"7,200원"
HEIDI - 알프스 소녀 하이디 (영문원서),https://bookthumb-phinf.pstatic.net/cover/163/483/16348388.jpg?type=m1&udate=Sun May 10 14:13:34 KST 2020,http://book.naver.com/bookdb/book_detail.nhn?bid=16348388, 요하나 슈피리 (Johanna Spyri),부크크(Bookk),1
리옴빠,https://bookthumb-phinf.pstatic.net/cover/163/454/16345496.jpg?type=m1&udate=Sun May 10 14:13:34 KST 2020,http://book.naver.com/bookdb/book_detail.nhn?bid=16345496, 유리 올레샤,미행,"15,300원"
카구야 프로젝트,https://bookthumb-phinf.pstatic.net/cover/163/403/16340354.jpg?type=m1&udate=Sun May 10 14:13:34 KST 2020,http://book.naver.com/bookdb/book_detail.nhn?bid=16340354, 원샨,아작,"13,320원"
엔딩 보게 해주세요,https://bookthumb-phinf.pstatic.net/cover/163/013/16301362.jpg?type=m1&udate=Sun May 10 14:13:34 KST 2020,http://book.naver.com/bookdb/book_detail.nhn?bid=16301362, 김보영,요다,"12,600원"
모팽 양(이삭줍기 환상문학 3),https://bookthumb-phinf.pstatic.net/cover/163/454/16345483.jpg?type=m1&udate=Sun May 10 14:13:34 KST 2020,http://book.naver.com/bookdb/book_detail.nhn?bid=16345483, 테오필 고티에,열림원,"13,500원"
"세 개의 단어, 그리고 십 분",https://bookthumb-phinf.pstatic.net/cover/163/425/16342511.jpg?type=m1&udate=Sun May 10 14:13:34 KST 2020,http://book.naver.com/bookdb/book_detail.nhn?bid=16342511, 박지현,아홉프레스,"12,600원"
오 헨리 단편선(2020년 리커버)(개정판),https://bookthumb-phinf.pstatic.net/cover/163/445/16344571.jpg?type=m1&udate=Sun May 10 14:13:34 KST 2020,http://book.naver.com/bookdb/book_detail.nhn?bid=16344571, 오 헨리,책만드는집,"11,520원"
만년만에 귀환한 플레이어 10,https://bookthumb-phinf.pstatic.net/cover/163/475/16347558.jpg?type=m1&udate=Sun May 10 14:13:34 KST 2020,http://book.naver.com/bookdb/book_detail.nhn?bid=16347558, 나비계곡,위시북스,"7,200원"
닐라칸타 Nilakantha,https://bookthumb-phinf.pstatic.net/cover/163/435/16343546.jpg?type=m1&udate=Sun May 10 14:13:34 KST 2020,http://book.naver.com/bookdb/book_detail.nhn?bid=16343546, 장량,세니오,"16,200원"
"서른다섯, 다시 시작해",https://bookthumb-phinf.pstatic.net/cover/163/293/16329358.jpg?type=m1&udate=Sun May 10 14:13:34 KST 2020,http://book.naver.com/bookdb/book_detail.nhn?bid=16329358, 강혁모,마음세상,"11,880원"
그들의 변명,https://bookthumb-phinf.pstatic.net/cover/163/475/16347566.jpg?type=m1&udate=Sun May 10 14:13:34 KST 2020,http://book.naver.com/bookdb/book_detail.nhn?bid=16347566, 원윤경,부크크(Bookk),2
Dream of The Moon,https://bookthumb-phinf.pstatic.net/cover/163/475/16347567.jpg?type=m1&udate=Sun May 10 14:13:34 KST 2020,http://book.naver.com/bookdb/book_detail.nhn?bid=16347567, 김우진,부크크(Bookk),1
밤 끝으로의 여행,https://bookthumb-phinf.pstatic.net/cover/163/400/16340053.jpg?type=m1&udate=Sun May 10 14:13:34 KST 2020,http://book.naver.com/bookdb/book_detail.nhn?bid=16340053, 루이 훼르디낭 쎌린느,최측의농간,"25,200원"
어쩌다 신데렐라,https://bookthumb-phinf.pstatic.net/cover/163/477/16347775.jpg?type=m1&udate=Sun May 10 14:13:34 KST 2020,http://book.naver.com/bookdb/book_detail.nhn?bid=16347775, 이준호,부크크(Bookk),1
파리의 동쪽,https://bookthumb-phinf.pstatic.net/cover/163/474/16347415.jpg?type=m1&udate=Sun May 10 14:13:34 KST 2020,http://book.naver.com/bookdb/book_detail.nhn?bid=16347415, 니콜라 보코브,스틸로그라프,"16,200원"
십자가 벌판,https://bookthumb-phinf.pstatic.net/cover/163/457/16345747.jpg?type=m1&udate=Sun May 10 14:13:34 KST 2020,http://book.naver.com/bookdb/book_detail.nhn?bid=16345747, 까를로스 알폰소,재남,"13,500원"
페스트(미니북),https://bookthumb-phinf.pstatic.net/cover/163/475/16347541.jpg?type=m1&udate=Sun May 10 14:13:34 KST 2020,http://book.naver.com/bookdb/book_detail.nhn?bid=16347541, 알베르 카뮈,자화상,"5,850원"
변혁 1998. 4: 변혁 2부,https://bookthumb-phinf.pstatic.net/cover/163/488/16348859.jpg?type=m1&udate=Sun May 10 14:13:34 KST 2020,http://book.naver.com/bookdb/book_detail.nhn?bid=16348859, 천지무천,청어람,"7,200원"
페스트,https://bookthumb-phinf.pstatic.net/cover/163/475/16347543.jpg?type=m1&udate=Sun May 10 14:13:34 KST 2020,http://book.naver.com/bookdb/book_detail.nhn?bid=16347543, 알베르 카뮈,자화상,"10,620원"
호랑이 눈썹,https://bookthumb-phinf.pstatic.net/cover/163/475/16347546.jpg?type=m1&udate=Sun May 10 14:13:34 KST 2020,http://book.naver.com/bookdb/book_detail.nhn?bid=16347546, 손석춘,단비,"11,700원"
겐지 이야기 1,https://bookthumb-phinf.pstatic.net/cover/163/242/16324205.jpg?type=m1&udate=Sun May 10 14:13:34 KST 2020,http://book.naver.com/bookdb/book_detail.nhn?bid=16324205, 무라사키 시키부,동서문화사,"14,400원"
곱세크,https://bookthumb-phinf.pstatic.net/cover/163/474/16347401.jpg?type=m1&udate=Sun May 10 14:13:34 KST 2020,http://book.naver.com/bookdb/book_detail.nhn?bid=16347401, 오노레 드 발자크,꿈꾼문고,"10,350원"
겐지 이야기 2,https://bookthumb-phinf.pstatic.net/cover/163/242/16324208.jpg?type=m1&udate=Sun May 10 14:13:34 KST 2020,http://book.naver.com/bookdb/book_detail.nhn?bid=16324208, 무라사키 시키부,동서문화사,"14,400원"
시절과 기분,https://bookthumb-phinf.pstatic.net/cover/163/435/16343515.jpg?type=m1&udate=Sun May 10 14:13:34 KST 2020,http://book.naver.com/bookdb/book_detail.nhn?bid=16343515, 김봉곤,창비,"12,600원"
겐지 이야기 3,https://bookthumb-phinf.pstatic.net/cover/163/242/16324210.jpg?type=m1&udate=Sun May 10 14:13:34 KST 2020,http://book.naver.com/bookdb/book_detail.nhn?bid=16324210, 무라사키 시키부,동서문화사,"14,400원"
달뜨기 마을,https://bookthumb-phinf.pstatic.net/cover/163/392/16339255.jpg?type=m1&udate=Sun May 10 14:13:34 KST 2020,http://book.naver.com/bookdb/book_detail.nhn?bid=16339255, 안재성,목선재,"12,420원"
스파이의 유산(양장본 HardCover),https://bookthumb-phinf.pstatic.net/cover/163/435/16343510.jpg?type=m1&udate=Sun May 10 14:13:34 KST 2020,http://book.naver.com/bookdb/book_detail.nhn?bid=16343510, 존 르 카레,열린책들,"14,220원"
우모리 하늘신발,https://bookthumb-phinf.pstatic.net/cover/163/439/16343966.jpg?type=m1&udate=Sun May 10 14:13:34 KST 2020,http://book.naver.com/bookdb/book_detail.nhn?bid=16343966, 송경아,알마,"10,800원"
역주 동래박의 4,https://bookthumb-phinf.pstatic.net/cover/163/263/16326322.jpg?type=m1&udate=Sun May 10 14:13:34 KST 2020,http://book.naver.com/bookdb/book_detail.nhn?bid=16326322, 여조겸 저,전통문화연구회,"30,600원"
악의와 공포의 용은 익히 아는 자여라,https://bookthumb-phinf.pstatic.net/cover/163/439/16343971.jpg?type=m1&udate=Sun May 10 14:13:34 KST 2020,http://book.naver.com/bookdb/book_detail.nhn?bid=16343971, 홍지운,알마,"10,800원"
폭풍우(열린책들 세계문학 250),https://bookthumb-phinf.pstatic.net/cover/163/439/16343973.jpg?type=m1&udate=Sun May 10 14:13:35 KST 2020,http://book.naver.com/bookdb/book_detail.nhn?bid=16343973, 윌리엄 셰익스피어,열린책들,"7,920원"
아들 도키오(블랙 앤 화이트 89),https://bookthumb-phinf.pstatic.net/cover/163/434/16343497.jpg?type=m1&udate=Sun May 10 14:13:35 KST 2020,http://book.naver.com/bookdb/book_detail.nhn?bid=16343497, 히가시노 게이고,비채,"13,050원"
별들의 노래,https://bookthumb-phinf.pstatic.net/cover/163/439/16343977.jpg?type=m1&udate=Sun May 10 14:13:35 KST 2020,http://book.naver.com/bookdb/book_detail.nhn?bid=16343977, 김성일,알마,"10,800원"
마녀 카페,https://bookthumb-phinf.pstatic.net/cover/163/434/16343458.jpg?type=m1&udate=Sun May 10 14:13:35 KST 2020,http://book.naver.com/bookdb/book_detail.nhn?bid=16343458, 토미,클북,"13,500원"
마녀환상곡 상,https://bookthumb-phinf.pstatic.net/cover/163/490/16349026.jpg?type=m1&udate=Sun May 10 14:13:35 KST 2020,http://book.naver.com/bookdb/book_detail.nhn?bid=16349026, 꼬리별,바른북스,"12,150원"
뿌리 없는 별들,https://bookthumb-phinf.pstatic.net/cover/163/439/16343972.jpg?type=m1&udate=Sun May 10 14:13:35 KST 2020,http://book.naver.com/bookdb/book_detail.nhn?bid=16343972, 은림,알마,"10,800원"
선샤인의 완벽한 죽음(안전가옥 오리지널 4),https://bookthumb-phinf.pstatic.net/cover/163/445/16344580.jpg?type=m1&udate=Sun May 10 14:13:35 KST 2020,http://book.naver.com/bookdb/book_detail.nhn?bid=16344580, 범유진,안전가옥,"11,700원"
맥티그,https://bookthumb-phinf.pstatic.net/cover/163/382/16338281.jpg?type=m1&udate=Sun May 10 14:13:35 KST 2020,http://book.naver.com/bookdb/book_detail.nhn?bid=16338281, 프랭크 노리스,을유문화사,"14,400원"
초판본 걸리버 여행기,https://bookthumb-phinf.pstatic.net/cover/163/388/16338832.jpg?type=m1&udate=Sun May 10 14:13:35 KST 2020,http://book.naver.com/bookdb/book_detail.nhn?bid=16338832, 조너선 스위프트,더스토리,"9,900원"
마녀환상곡 하,https://bookthumb-phinf.pstatic.net/cover/163/490/16349029.jpg?type=m1&udate=Sun May 10 14:13:35 KST 2020,http://book.naver.com/bookdb/book_detail.nhn?bid=16349029, 꼬리별,바른북스,"12,150원"
우주아이돌 해방작전,https://bookthumb-phinf.pstatic.net/cover/163/453/16345363.jpg?type=m1&udate=Sun May 10 14:13:35 KST 2020,http://book.naver.com/bookdb/book_detail.nhn?bid=16345363, 손지상,그래비티북스,"12,600원"
사람의 아들,https://bookthumb-phinf.pstatic.net/cover/163/480/16348074.jpg?type=m1&udate=Sun May 10 14:13:35 KST 2020,http://book.naver.com/bookdb/book_detail.nhn?bid=16348074, 이문열,알에이치코리아,"14,400원"
그들이 가지고 다닌 것들,https://bookthumb-phinf.pstatic.net/cover/163/422/16342214.jpg?type=m1&udate=Sun May 10 14:13:35 KST 2020,http://book.naver.com/bookdb/book_detail.nhn?bid=16342214, 팀 오브라이언,섬과달,"12,600원"
걸리버 여행기 초판본 [양장],https://bookthumb-phinf.pstatic.net/cover/163/480/16348019.jpg?type=m1&udate=Sun May 10 14:13:35 KST 2020,http://book.naver.com/bookdb/book_detail.nhn?bid=16348019, 조너선 스위프트,더스토리,"13,320원"
부검 스페셜리스트. 4,https://bookthumb-phinf.pstatic.net/cover/163/488/16348857.jpg?type=m1&udate=Sun May 10 14:13:35 KST 2020,http://book.naver.com/bookdb/book_detail.nhn?bid=16348857, 가프,청어람,"7,200원"
오만과 편견(풀컬러 일러스트 에디션)(아르볼 N클래식)(양장본 HardCover),https://bookthumb-phinf.pstatic.net/cover/163/435/16343504.jpg?type=m1&udate=Sun May 10 14:13:35 KST 2020,http://book.naver.com/bookdb/book_detail.nhn?bid=16343504, 제인 오스틴,지학사 아르볼,"22,500원"
리그 오브 레전드: 공식 스토리북,https://bookthumb-phinf.pstatic.net/cover/163/400/16340081.jpg?type=m1&udate=Sun May 10 14:13:35 KST 2020,http://book.naver.com/bookdb/book_detail.nhn?bid=16340081, 라이엇 게임즈,제우미디어,"26,820원"
브라질의 하룻밤,https://ssl.pstatic.net/static/book/image/juvenile_pest_82X116.gif&udate=Sun May 10 14:13:35 KST 2020,http://book.naver.com/bookdb/book_detail.nhn?bid=16340377, 문희,예원북스,"8,100원"
금색야차(하)(가천대학교 아시아문화연구소 5),https://bookthumb-phinf.pstatic.net/cover/163/454/16345488.jpg?type=m1&udate=Sun May 10 14:13:35 KST 2020,http://book.naver.com/bookdb/book_detail.nhn?bid=16345488, 오자키 고요,역락,"14,400원"
악녀 카루나가 작아졌어요 4,https://bookthumb-phinf.pstatic.net/cover/163/392/16339219.jpg?type=m1&udate=Sun May 10 14:13:35 KST 2020,http://book.naver.com/bookdb/book_detail.nhn?bid=16339219, 문이경,동아,"10,800원"
마당을 나온 암탉(출간 20주년 특별판),https://bookthumb-phinf.pstatic.net/cover/163/420/16342095.jpg?type=m1&udate=Sun May 10 14:13:35 KST 2020,http://book.naver.com/bookdb/book_detail.nhn?bid=16342095, 황선미,사계절,"13,500원"
이세계 내가 가봤는데 별거 없더라. 13,https://bookthumb-phinf.pstatic.net/cover/163/457/16345778.jpg?type=m1&udate=Sun May 10 14:13:35 KST 2020,http://book.naver.com/bookdb/book_detail.nhn?bid=16345778, 현철,파피루스,"7,200원"
아는 사람만 아는 배우 공상표의 필모그래피(오늘의 젊은 작가 26)(양장본 HardCover),https://bookthumb-phinf.pstatic.net/cover/163/455/16345580.jpg?type=m1&udate=Sun May 10 14:13:35 KST 2020,http://book.naver.com/bookdb/book_detail.nhn?bid=16345580, 김병운,민음사,"12,600원"
빛의 아이들 2,https://bookthumb-phinf.pstatic.net/cover/163/421/16342197.jpg?type=m1&udate=Sun May 10 14:13:35 KST 2020,http://book.naver.com/bookdb/book_detail.nhn?bid=16342197, 최승주,지식과감성,"12,420원"
아이젠,https://bookthumb-phinf.pstatic.net/cover/163/439/16343921.jpg?type=m1&udate=Sun May 10 14:13:35 KST 2020,http://book.naver.com/bookdb/book_detail.nhn?bid=16343921, 김남숙,문학동네,"12,150원"
"따뜻하게, 다시 1",https://bookthumb-phinf.pstatic.net/cover/163/131/16313196.jpg?type=m1&udate=Sun May 10 14:13:35 KST 2020,http://book.naver.com/bookdb/book_detail.nhn?bid=16313196, 채현진,플레이블(예원북스),"10,800원"
이세계 내가 가봤는데 별거 없더라. 14,https://bookthumb-phinf.pstatic.net/cover/163/457/16345779.jpg?type=m1&udate=Sun May 10 14:13:35 KST 2020,http://book.naver.com/bookdb/book_detail.nhn?bid=16345779, 현철,파피루스,"7,200원"
"어쨌거나, 청춘 4/완결",https://bookthumb-phinf.pstatic.net/cover/163/445/16344543.jpg?type=m1&udate=Sun May 10 14:13:35 KST 2020,http://book.naver.com/bookdb/book_detail.nhn?bid=16344543, 이보람,교보문고,"12,600원"
적절한 균형(아시아 문학선 3),https://bookthumb-phinf.pstatic.net/cover/163/455/16345567.jpg?type=m1&udate=Sun May 10 14:13:35 KST 2020,http://book.naver.com/bookdb/book_detail.nhn?bid=16345567, 로힌턴 미스트리,아시아,"25,200원"
"따뜻하게, 다시 2",https://bookthumb-phinf.pstatic.net/cover/163/132/16313201.jpg?type=m1&udate=Sun May 10 14:13:35 KST 2020,http://book.naver.com/bookdb/book_detail.nhn?bid=16313201, 채현진,플레이블(예원북스),"10,800원"
우아한 야만의 바다 1,https://ssl.pstatic.net/static/book/image/juvenile_pest_82X116.gif&udate=Sun May 10 14:13:35 KST 2020,http://book.naver.com/bookdb/book_detail.nhn?bid=16324217, 틸다킴,퀸즈셀렉션,"10,350원"
"따뜻하게, 다시 세트(전2권)",https://bookthumb-phinf.pstatic.net/cover/163/132/16313203.jpg?type=m1&udate=Sun May 10 14:13:35 KST 2020,http://book.naver.com/bookdb/book_detail.nhn?bid=16313203, 채현진,플레이블(예원북스),"21,600원"
우아한 야만의 바다 2,https://ssl.pstatic.net/static/book/image/juvenile_pest_82X116.gif&udate=Sun May 10 14:13:35 KST 2020,http://book.naver.com/bookdb/book_detail.nhn?bid=16324218, 틸다킴,퀸즈셀렉션,"10,350원"
우아한 야만의 바다 세트(전2권),https://ssl.pstatic.net/static/book/image/juvenile_pest_82X116.gif&udate=Sun May 10 14:13:35 KST 2020,http://book.naver.com/bookdb/book_detail.nhn?bid=16324215, 틸다킴,퀸즈셀렉션,"20,700원"
언니가 남자 주인공을 주워 왔다 2,https://bookthumb-phinf.pstatic.net/cover/163/268/16326858.jpg?type=m1&udate=Sun May 10 14:13:35 KST 2020,http://book.naver.com/bookdb/book_detail.nhn?bid=16326858, 문시현,에이템포미디어,"11,250원"
재벌을 넘어 귀족으로 9,https://bookthumb-phinf.pstatic.net/cover/163/445/16344574.jpg?type=m1&udate=Sun May 10 14:13:35 KST 2020,http://book.naver.com/bookdb/book_detail.nhn?bid=16344574, 푸달,영상출판미디어(영상노트),"7,200원"
언제까지나 쇼팽(양장본 HardCover),https://bookthumb-phinf.pstatic.net/cover/163/400/16340071.jpg?type=m1&udate=Sun May 10 14:13:35 KST 2020,http://book.naver.com/bookdb/book_detail.nhn?bid=16340071, 나카야마 시치리,블루홀식스(블루홀6),"14,400원"
언니가 남자 주인공을 주워 왔다 3,https://bookthumb-phinf.pstatic.net/cover/163/268/16326859.jpg?type=m1&udate=Sun May 10 14:13:35 KST 2020,http://book.naver.com/bookdb/book_detail.nhn?bid=16326859, 문시현,에이템포미디어,"11,250원"
그랜드 마스터 회귀하다. 12,https://bookthumb-phinf.pstatic.net/cover/163/445/16344576.jpg?type=m1&udate=Sun May 10 14:13:35 KST 2020,http://book.naver.com/bookdb/book_detail.nhn?bid=16344576, 날망,영상출판미디어(영상노트),"7,200원"
가룟 유다(지식을만드는지식 소설선집),https://bookthumb-phinf.pstatic.net/cover/163/411/16341118.jpg?type=m1&udate=Sun May 10 14:13:35 KST 2020,http://book.naver.com/bookdb/book_detail.nhn?bid=16341118, 레오니트 안드레예프,지식을만드는지식,"11,520원"
